{
  "@context": {
    "crypto": "http://id.loc.gov/vocabulary/preservation/cryptographicHashFunctions#",
    "dc": "http://purl.org/dc/elements/1.1/",
    "dc_Description": "http://purl.org/dc/elements/1.1/description",
    "dct": "http://purl.org/dc/terms/",
    "fsl": "http://purl.org/nidash/fsl#",
    "fsl_featVersion": "http://purl.org/nidash/fsl#FSL_0000005",
    "nfo": "http://www.semanticdesktop.org/ontologies/2007/03/22/nfo#",
    "nidm": "http://purl.org/nidash/nidm#",
    "nidm_ClusterCenterOfGravity": "http://purl.org/nidash/nidm#NIDM_0000140",
    "nidm_ClusterDefinitionCriteria": "http://purl.org/nidash/nidm#NIDM_0000007",
    "nidm_ClusterLabelsMap": "http://purl.org/nidash/nidm#NIDM_0000008",
    "nidm_ContrastEstimation": "http://purl.org/nidash/nidm#NIDM_0000001",
    "nidm_ContrastMap": "http://purl.org/nidash/nidm#NIDM_0000002",
    "nidm_ContrastStandardErrorMap": "http://purl.org/nidash/nidm#NIDM_0000013",
    "nidm_ContrastVarianceMap": "http://purl.org/nidash/nidm#NIDM_0000135",
    "nidm_Coordinate": "http://purl.org/nidash/nidm#NIDM_0000015",
    "nidm_CoordinateSpace": "http://purl.org/nidash/nidm#NIDM_0000016",
    "nidm_Data": "http://purl.org/nidash/nidm#NIDM_0000169",
    "nidm_DesignMatrix": "http://purl.org/nidash/nidm#NIDM_0000019",
    "nidm_ErrorModel": "http://purl.org/nidash/nidm#NIDM_0000023",
    "nidm_ExcursionSetMap": "http://purl.org/nidash/nidm#NIDM_0000025",
    "nidm_ExtentThreshold": "http://purl.org/nidash/nidm#NIDM_0000026",
    "nidm_GrandMeanMap": "http://purl.org/nidash/nidm#NIDM_0000033",
    "nidm_HeightThreshold": "http://purl.org/nidash/nidm#NIDM_0000034",
    "nidm_IcbmMni152NonLinear6thGenerationCoordinateSystem": "http://purl.org/nidash/nidm#NIDM_0000047",
    "nidm_IndependentError": "http://purl.org/nidash/nidm#NIDM_0000048",
    "nidm_IndependentParameter": "http://purl.org/nidash/nidm#NIDM_0000073",
    "nidm_Inference": "http://purl.org/nidash/nidm#NIDM_0000049",
    "nidm_MaskMap": "http://purl.org/nidash/nidm#NIDM_0000054",
    "nidm_ModelParameterEstimation": "http://purl.org/nidash/nidm#NIDM_0000056",
    "nidm_NIDMResults": "http://purl.org/nidash/nidm#NIDM_0000027",
    "nidm_NIDMResultsExport": "http://purl.org/nidash/nidm#NIDM_0000166",
    "nidm_OneTailedTest": "http://purl.org/nidash/nidm#NIDM_0000060",
    "nidm_ParameterEstimateMap": "http://purl.org/nidash/nidm#NIDM_0000061",
    "nidm_Peak": "http://purl.org/nidash/nidm#NIDM_0000062",
    "nidm_PeakDefinitionCriteria": "http://purl.org/nidash/nidm#NIDM_0000063",
    "nidm_ResidualMeanSquaresMap": "http://purl.org/nidash/nidm#NIDM_0000066",
    "nidm_SearchSpaceMaskMap": "http://purl.org/nidash/nidm#NIDM_0000068",
    "nidm_StatisticMap": "http://purl.org/nidash/nidm#NIDM_0000076",
    "nidm_SupraThresholdCluster": "http://purl.org/nidash/nidm#NIDM_0000070",
    "nidm_clusterLabelId": "http://purl.org/nidash/nidm#NIDM_0000082",
    "nidm_clusterSizeInVoxels": "http://purl.org/nidash/nidm#NIDM_0000084",
    "nidm_contrastName": "http://purl.org/nidash/nidm#NIDM_0000085",
    "nidm_coordinateVector": "http://purl.org/nidash/nidm#NIDM_0000086",
    "nidm_coordinateVectorInVoxels": "http://purl.org/nidash/nidm#NIDM_0000139",
    "nidm_dimensionsInVoxels": "http://purl.org/nidash/nidm#NIDM_0000090",
    "nidm_effectDegreesOfFreedom": "http://purl.org/nidash/nidm#NIDM_0000091",
    "nidm_equivalentZStatistic": "http://purl.org/nidash/nidm#NIDM_0000092",
    "nidm_errorDegreesOfFreedom": "http://purl.org/nidash/nidm#NIDM_0000093",
    "nidm_errorVarianceHomogeneous": "http://purl.org/nidash/nidm#NIDM_0000094",
    "nidm_grandMeanScaling": "http://purl.org/nidash/nidm#NIDM_0000096",
    "nidm_groupName": "http://purl.org/nidash/nidm#NIDM_0000170",
    "nidm_hasAlternativeHypothesis": "http://purl.org/nidash/nidm#NIDM_0000097",
    "nidm_hasClusterLabelsMap": "http://purl.org/nidash/nidm#NIDM_0000098",
    "nidm_hasConnectivityCriterion": "http://purl.org/nidash/nidm#NIDM_0000099",
    "nidm_hasErrorDependence": "http://purl.org/nidash/nidm#NIDM_0000100",
    "nidm_hasErrorDistribution": "http://purl.org/nidash/nidm#NIDM_0000101",
    "nidm_hasMRIProtocol": "http://purl.org/nidash/nidm#NIDM_0000172",
    "nidm_inCoordinateSpace": "http://purl.org/nidash/nidm#NIDM_0000104",
    "nidm_inWorldCoordinateSystem": "http://purl.org/nidash/nidm#NIDM_0000105",
    "nidm_isUserDefined": "http://purl.org/nidash/nidm#NIDM_0000106",
    "nidm_maskedMedian": "http://purl.org/nidash/nidm#NIDM_0000107",
    "nidm_minDistanceBetweenPeaks": "http://purl.org/nidash/nidm#NIDM_0000109",
    "nidm_nidmfsl": "http://purl.org/nidash/nidm#NIDM_0000167",
    "nidm_noiseFWHMInUnits": "http://purl.org/nidash/nidm#NIDM_0000157",
    "nidm_noiseFWHMInVoxels": "http://purl.org/nidash/nidm#NIDM_0000159",
    "nidm_noiseRoughnessInVoxels": "http://purl.org/nidash/nidm#NIDM_0000145",
    "nidm_numberOfDimensions": "http://purl.org/nidash/nidm#NIDM_0000112",
    "nidm_numberOfSubjects": "http://purl.org/nidash/nidm#NIDM_0000171",
    "nidm_pValueFWER": "http://purl.org/nidash/nidm#NIDM_0000115",
    "nidm_pValueUncorrected": "http://purl.org/nidash/nidm#NIDM_0000116",
    "nidm_randomFieldStationarity": "http://purl.org/nidash/nidm#NIDM_0000120",
    "nidm_regressorNames": "http://purl.org/nidash/nidm#NIDM_0000021",
    "nidm_reselSizeInVoxels": "http://purl.org/nidash/nidm#NIDM_0000148",
    "nidm_searchVolumeInResels": "http://purl.org/nidash/nidm#NIDM_0000149",
    "nidm_searchVolumeInUnits": "http://purl.org/nidash/nidm#NIDM_0000136",
    "nidm_searchVolumeInVoxels": "http://purl.org/nidash/nidm#NIDM_0000121",
    "nidm_softwareVersion": "http://purl.org/nidash/nidm#NIDM_0000122",
    "nidm_statisticType": "http://purl.org/nidash/nidm#NIDM_0000123",
    "nidm_targetIntensity": "http://purl.org/nidash/nidm#NIDM_0000124",
    "nidm_varianceMapWiseDependence": "http://purl.org/nidash/nidm#NIDM_0000126",
    "nidm_version": "http://purl.org/nidash/nidm#NIDM_0000127",
    "nidm_voxel26connected": "http://purl.org/nidash/nidm#NIDM_0000129",
    "nidm_voxelSize": "http://purl.org/nidash/nidm#NIDM_0000131",
    "nidm_voxelToWorldMapping": "http://purl.org/nidash/nidm#NIDM_0000132",
    "nidm_voxelUnits": "http://purl.org/nidash/nidm#NIDM_0000133",
    "nidm_withEstimationMethod": "http://purl.org/nidash/nidm#NIDM_0000134",
    "nif": "http://uri.neuinfo.org/nif/nifstd/",
    "niiri": "http://iri.nidash.org/",
    "obo": "http://purl.obolibrary.org/obo/",
    "obo_FWERadjustedpvalue": "http://purl.obolibrary.org/obo/OBI_0001265",
    "obo_Zstatistic": "http://purl.obolibrary.org/obo/STATO_0000376",
    "obo_contrastweightmatrix": "http://purl.obolibrary.org/obo/STATO_0000323",
    "obo_normaldistribution": "http://purl.obolibrary.org/obo/STATO_0000227",
    "obo_ordinaryleastsquaresestimation": "http://purl.obolibrary.org/obo/STATO_0000370",
    "obo_statistic": "http://purl.obolibrary.org/obo/STATO_0000039",
    "obo_studygrouppopulation": "http://purl.obolibrary.org/obo/STATO_0000193",
    "obo_tstatistic": "http://purl.obolibrary.org/obo/STATO_0000176",
    "prov": "http://www.w3.org/ns/prov#",
    "scr": "http://scicrunch.org/resolver/",
    "scr_FSL": "http://scicrunch.org/resolver/SCR_002823",
    "xsd": "http://www.w3.org/2000/01/rdf-schema#",
    "xsi": "http://www.w3.org/2001/XMLSchema-instance"
  },
  "@graph": [
    {
      "@graph": [
        {
          "@id": "niiri:653a52e0-37d2-45a2-9e03-47f21aa3075c",
          "@type": [
            "prov:Activity",
            "nidm_NIDMResultsExport"
          ],
          "prov:wasAssociatedWith": {
            "@id": "niiri:4c24aafb-3e26-48fb-9829-7402a356e97a"
          },
          "xsd:label": "NIDM-Results export"
        },
        {
          "@id": "_:N48a90489bbce44c38a8b8bce5e1f5c1a",
          "@type": "prov:Generation",
          "prov:activity": {
            "@id": "niiri:653a52e0-37d2-45a2-9e03-47f21aa3075c"
          },
          "prov:atTime": {
            "@type": "http://www.w3.org/2001/XMLSchema#dateTime",
            "@value": "2017-02-10T14:46:08.081709"
          }
        },
        {
          "@id": "niiri:c434ff31-3379-4f7a-8b26-525d75ad1815",
          "@type": [
            "nidm_NIDMResults",
            "prov:Bundle",
            "prov:Entity"
          ],
          "nidm_version": "1.3.0",
          "prov:qualifiedGeneration": {
            "@id": "_:N48a90489bbce44c38a8b8bce5e1f5c1a"
          },
          "xsd:label": "NIDM-Results"
        },
        {
          "@id": "niiri:4c24aafb-3e26-48fb-9829-7402a356e97a",
          "@type": [
            "prov:SoftwareAgent",
            "prov:Agent",
            "nidm_nidmfsl"
          ],
          "nidm_softwareVersion": "1.2.1",
          "xsd:label": "nidmfsl"
        }
      ]
    },
    {
      "@graph": [
        {
          "@id": "niiri:3a8d9e0c-cd5b-4ad2-aa52-04e309d85a56",
          "@type": [
            "nidm_StatisticMap",
            "prov:Entity"
          ],
          "crypto:sha512": "b39a0bfd1e2ad134a1a728e92bd205016d754477327930ec603f8f0066af6207399f5271b2e6b859e88789bd73f029bf85c411fd7e0e1987766f6ee4cf5dae74",
          "dct:format": "image/nifti",
          "nfo:fileName": "ZStatistic.nii.gz",
          "nidm_contrastName": "group mean",
          "nidm_effectDegreesOfFreedom": 1.0,
          "nidm_errorDegreesOfFreedom": Infinity,
          "nidm_inCoordinateSpace": {
            "@id": "niiri:32b8fa44-a55c-41c9-9fb9-4cdad9667d59"
          },
          "nidm_statisticType": {
            "@id": "obo:STATO_0000376"
          },
          "prov:atLocation": {
            "@type": "http://www.w3.org/2001/XMLSchema#anyURI",
            "@value": "ZStatistic.nii.gz"
          },
          "prov:wasGeneratedBy": {
            "@id": "niiri:4fbc1e82-bcc8-4fda-91c9-70d278d86b19"
          },
          "xsd:label": "Z-Statistic Map: group mean"
        },
        {
          "@id": "niiri:fcb125ef-4c89-4f34-82be-49a8f9ea382b",
          "@type": [
            "prov:Entity",
            "nidm_SupraThresholdCluster"
          ],
          "nidm_clusterLabelId": {
            "@type": "http://www.w3.org/2001/XMLSchema#int",
            "@value": "7"
          },
          "nidm_clusterSizeInVoxels": {
            "@type": "http://www.w3.org/2001/XMLSchema#int",
            "@value": "1106"
          },
          "nidm_pValueFWER": {
            "@type": "http://www.w3.org/2001/XMLSchema#float",
            "@value": "8.78e-09"
          },
          "prov:wasDerivedFrom": {
            "@id": "niiri:ec58f872-16ee-4ef6-887d-98c176cb8597"
          },
          "xsd:label": "Supra-Threshold Cluster 0007"
        },
        {
          "@id": "niiri:53b8f04f-933c-47f4-b94a-1da9b590d122",
          "@type": [
            "nidm_Peak",
            "prov:Entity"
          ],
          "nidm_equivalentZStatistic": {
            "@type": "http://www.w3.org/2001/XMLSchema#float",
            "@value": "4.3"
          },
          "nidm_pValueUncorrected": {
            "@type": "http://www.w3.org/2001/XMLSchema#float",
            "@value": "8.539905471005582e-06"
          },
          "prov:atLocation": {
            "@id": "niiri:be10ba30-747b-4abf-a6b5-b0251b77bd4a"
          },
          "prov:wasDerivedFrom": {
            "@id": "niiri:d440d920-aaef-4199-83f8-ed8b2d4017a7"
          },
          "xsd:label": "Peak 1_01"
        },
        {
          "@id": "niiri:ecfaa42a-cf9c-4399-8e24-faee64bf5a0d",
          "@type": [
            "nidm_GrandMeanMap",
            "prov:Entity"
          ],
          "crypto:sha512": "0d60ebd3a22f73959f7a3179bd26d0506dd723bb3096ab3621c5d58bcd22ac7650bcb96fb3d0a5908be7e3300fff33adf5b24616116478a06837a71961aff67a",
          "dct:format": "image/nifti",
          "nfo:fileName": "GrandMean.nii.gz",
          "nidm_inCoordinateSpace": {
            "@id": "niiri:32b8fa44-a55c-41c9-9fb9-4cdad9667d59"
          },
          "nidm_maskedMedian": 9864.0341796875,
          "prov:atLocation": {
            "@type": "http://www.w3.org/2001/XMLSchema#anyURI",
            "@value": "GrandMean.nii.gz"
          },
          "prov:wasGeneratedBy": {
            "@id": "niiri:16a193cc-a66d-4d83-a162-53619ec9a6d9"
          },
          "xsd:label": "Grand Mean Map"
        },
        {
          "@id": "niiri:b3d797d3-26c7-4243-8c6a-8734fa2a2f16",
          "@type": [
            "nidm_SupraThresholdCluster",
            "prov:Entity"
          ],
          "nidm_clusterLabelId": {
            "@type": "http://www.w3.org/2001/XMLSchema#int",
            "@value": "4"
          },
          "nidm_clusterSizeInVoxels": {
            "@type": "http://www.w3.org/2001/XMLSchema#int",
            "@value": "399"
          },
          "nidm_pValueFWER": {
            "@type": "http://www.w3.org/2001/XMLSchema#float",
            "@value": "0.000335"
          },
          "prov:wasDerivedFrom": {
            "@id": "niiri:ec58f872-16ee-4ef6-887d-98c176cb8597"
          },
          "xsd:label": "Supra-Threshold Cluster 0004"
        },
        {
          "@id": "niiri:24a37fa7-0c17-4dd7-9638-3b70b84f7ba7",
          "@type": [
            "prov:Entity",
            "nidm_Peak"
          ],
          "nidm_equivalentZStatistic": {
            "@type": "http://www.w3.org/2001/XMLSchema#float",
            "@value": "4.75"
          },
          "nidm_pValueUncorrected": {
            "@type": "http://www.w3.org/2001/XMLSchema#float",
            "@value": "1.017083242516037e-06"
          },
          "prov:atLocation": {
            "@id": "niiri:219a6abd-e060-429c-ab8e-02d939f67066"
          },
          "prov:wasDerivedFrom": {
            "@id": "niiri:cf042cea-58b4-40f4-a173-3adf78671c44"
          },
          "xsd:label": "Peak 6_02"
        },
        {
          "@id": "niiri:9150bd80-67bf-403a-808f-61bd8a58f4c8",
          "@type": [
            "nidm_PeakDefinitionCriteria",
            "prov:Entity"
          ],
          "nidm_minDistanceBetweenPeaks": 0.0,
          "xsd:label": "Peak Definition Criteria"
        },
        {
          "@id": "niiri:08b272c0-98c0-48ab-b6c6-605e9027462d",
          "@type": [
            "nidm_Peak",
            "prov:Entity"
          ],
          "nidm_equivalentZStatistic": {
            "@type": "http://www.w3.org/2001/XMLSchema#float",
            "@value": "3.94"
          },
          "nidm_pValueUncorrected": {
            "@type": "http://www.w3.org/2001/XMLSchema#float",
            "@value": "4.07408045586255e-05"
          },
          "prov:atLocation": {
            "@id": "niiri:cc47505c-3f45-4dfa-bb48-75c7a918b21a"
          },
          "prov:wasDerivedFrom": {
            "@id": "niiri:9b48a677-e1fd-440d-b003-dad42c91e0ca"
          },
          "xsd:label": "Peak 5_06"
        },
        {
          "@id": "niiri:97b6d56f-91f1-4ba4-af8a-a49ebd5bf14d",
          "@type": [
            "nidm_ClusterCenterOfGravity",
            "prov:Entity"
          ],
          "prov:atLocation": {
            "@id": "niiri:97bf03ee-4c7f-444b-a13f-98a7c1b2147f"
          },
          "prov:wasDerivedFrom": {
            "@id": "niiri:cf042cea-58b4-40f4-a173-3adf78671c44"
          },
          "xsd:label": "Center of gravity 6"
        },
        {
          "@id": "niiri:8620b6eb-bbfa-4a8f-b5a5-cce0fc8633a8",
          "@type": [
            "prov:Entity",
            "nidm_Peak"
          ],
          "nidm_equivalentZStatistic": {
            "@type": "http://www.w3.org/2001/XMLSchema#float",
            "@value": "3.79"
          },
          "nidm_pValueUncorrected": {
            "@type": "http://www.w3.org/2001/XMLSchema#float",
            "@value": "7.53236423787218e-05"
          },
          "prov:atLocation": {
            "@id": "niiri:14c92da0-898b-4b70-bf68-2f1307ffee18"
          },
          "prov:wasDerivedFrom": {
            "@id": "niiri:cf042cea-58b4-40f4-a173-3adf78671c44"
          },
          "xsd:label": "Peak 6_06"
        },
        {
          "@id": "niiri:8a4f5a03-b9a5-4979-8f1a-af2ba07b394a",
          "@type": [
            "nidm_Peak",
            "prov:Entity"
          ],
          "nidm_equivalentZStatistic": {
            "@type": "http://www.w3.org/2001/XMLSchema#float",
            "@value": "3.78"
          },
          "nidm_pValueUncorrected": {
            "@type": "http://www.w3.org/2001/XMLSchema#float",
            "@value": "7.841417938359019e-05"
          },
          "prov:atLocation": {
            "@id": "niiri:78e594cf-c674-4ea2-b003-be09b9e17c29"
          },
          "prov:wasDerivedFrom": {
            "@id": "niiri:b3937431-f696-4810-bbbd-243ee7ff55a1"
          },
          "xsd:label": "Peak 3_03"
        },
        {
          "@id": "niiri:01aa99bf-d46e-4f01-997b-868e1e6cfe0c",
          "@type": [
            "prov:Entity",
            "nidm_Coordinate",
            "prov:Location"
          ],
          "nidm_coordinateVector": "[43.7, 16.1, 8.41]",
          "nidm_coordinateVectorInVoxels": "null",
          "xsd:label": "Coordinate 0004"
        },
        {
          "@id": "niiri:03ef1cc2-c557-4538-8cd4-88d84c684b5c",
          "@type": [
            "prov:Entity",
            "nidm_Peak"
          ],
          "nidm_equivalentZStatistic": {
            "@type": "http://www.w3.org/2001/XMLSchema#float",
            "@value": "4.02"
          },
          "nidm_pValueUncorrected": {
            "@type": "http://www.w3.org/2001/XMLSchema#float",
            "@value": "2.90990707119132e-05"
          },
          "prov:atLocation": {
            "@id": "niiri:48c8de12-43a0-465b-9834-9d34c8634567"
          },
          "prov:wasDerivedFrom": {
            "@id": "niiri:b3d797d3-26c7-4243-8c6a-8734fa2a2f16"
          },
          "xsd:label": "Peak 4_02"
        },
        {
          "@id": "niiri:813ab1bc-9650-43d3-97fa-4f7f7a772e4f",
          "@type": [
            "prov:Location",
            "prov:Entity",
            "nidm_Coordinate"
          ],
          "nidm_coordinateVector": "[64.0, -28.0, 6.0]",
          "nidm_coordinateVectorInVoxels": "null",
          "xsd:label": "Coordinate 5_05"
        },
        {
          "@id": "niiri:4f1823ac-1aee-40a9-911e-d2cb74d52cf7",
          "@type": [
            "nidm_Coordinate",
            "prov:Location",
            "prov:Entity"
          ],
          "nidm_coordinateVector": "[-44.0, -4.0, 50.0]",
          "nidm_coordinateVectorInVoxels": "null",
          "xsd:label": "Coordinate 6_03"
        },
        {
          "@id": "niiri:fd4c5b45-6a67-4e6f-9188-daf352e70522",
          "@type": [
            "nidm_Coordinate",
            "prov:Entity",
            "prov:Location"
          ],
          "nidm_coordinateVector": "[-58.0, -34.0, 8.0]",
          "nidm_coordinateVectorInVoxels": "null",
          "xsd:label": "Coordinate 2_04"
        },
        {
          "@id": "niiri:b88fe96e-9192-415e-944b-5a6d75c4be0c",
          "@type": [
            "prov:Entity",
            "nidm_Peak"
          ],
          "nidm_equivalentZStatistic": {
            "@type": "http://www.w3.org/2001/XMLSchema#float",
            "@value": "4.4"
          },
          "nidm_pValueUncorrected": {
            "@type": "http://www.w3.org/2001/XMLSchema#float",
            "@value": "5.412543907734602e-06"
          },
          "prov:atLocation": {
            "@id": "niiri:fcef9ef3-ff08-498b-a535-fd1110bbed02"
          },
          "prov:wasDerivedFrom": {
            "@id": "niiri:9b48a677-e1fd-440d-b003-dad42c91e0ca"
          },
          "xsd:label": "Peak 5_02"
        },
        {
          "@id": "niiri:2e5e1870-625b-4f66-b52c-6ad23e5cfef2",
          "@type": [
            "prov:Location",
            "nidm_Coordinate",
            "prov:Entity"
          ],
          "nidm_coordinateVector": "[-54.0, -4.0, 46.0]",
          "nidm_coordinateVectorInVoxels": "null",
          "xsd:label": "Coordinate 6_01"
        },
        {
          "@id": "niiri:352902f2-46aa-4dd6-90f3-2aa6e45fc2db",
          "@type": [
            "prov:Entity",
            "nidm_Peak"
          ],
          "nidm_equivalentZStatistic": {
            "@type": "http://www.w3.org/2001/XMLSchema#float",
            "@value": "3.54"
          },
          "nidm_pValueUncorrected": {
            "@type": "http://www.w3.org/2001/XMLSchema#float",
            "@value": "0.00020006351600732053"
          },
          "prov:atLocation": {
            "@id": "niiri:c4f9b6db-38f1-4996-b7cf-be1cdee841b6"
          },
          "prov:wasDerivedFrom": {
            "@id": "niiri:e6e979a5-f16c-4c93-a980-681e81c9e634"
          },
          "xsd:label": "Peak 2_06"
        },
        {
          "@id": "niiri:67408be1-7407-4aaa-9c7b-4eddc55e2e6f",
          "@type": [
            "nidm_Coordinate",
            "prov:Entity",
            "prov:Location"
          ],
          "nidm_coordinateVector": "[-50.0, -38.0, 28.0]",
          "nidm_coordinateVectorInVoxels": "null",
          "xsd:label": "Coordinate 2_05"
        },
        {
          "@id": "niiri:06a03315-8816-4860-9d8c-1bde11dbef39",
          "@type": [
            "nidm_Peak",
            "prov:Entity"
          ],
          "nidm_equivalentZStatistic": {
            "@type": "http://www.w3.org/2001/XMLSchema#float",
            "@value": "4.92"
          },
          "nidm_pValueUncorrected": {
            "@type": "http://www.w3.org/2001/XMLSchema#float",
            "@value": "4.327210618715327e-07"
          },
          "prov:atLocation": {
            "@id": "niiri:2e5e1870-625b-4f66-b52c-6ad23e5cfef2"
          },
          "prov:wasDerivedFrom": {
            "@id": "niiri:cf042cea-58b4-40f4-a173-3adf78671c44"
          },
          "xsd:label": "Peak 6_01"
        },
        {
          "@id": "niiri:02bc63e9-7d79-42d3-b90c-4a725281b6e2",
          "@type": [
            "nidm_Peak",
            "prov:Entity"
          ],
          "nidm_equivalentZStatistic": {
            "@type": "http://www.w3.org/2001/XMLSchema#float",
            "@value": "3.63"
          },
          "nidm_pValueUncorrected": {
            "@type": "http://www.w3.org/2001/XMLSchema#float",
            "@value": "0.0001417106098757781"
          },
          "prov:atLocation": {
            "@id": "niiri:a761da03-ba56-4878-80a5-0ce1a67b0dcd"
          },
          "prov:wasDerivedFrom": {
            "@id": "niiri:b3937431-f696-4810-bbbd-243ee7ff55a1"
          },
          "xsd:label": "Peak 3_05"
        },
        {
          "@id": "niiri:f43178fe-8f13-4eca-8710-976ffaaa6de8",
          "@type": [
            "prov:Entity",
            "nidm_DesignMatrix"
          ],
          "dc_Description": {
            "@id": "niiri:70a9862d-8268-4391-9aee-0676583f914e"
          },
          "dct:format": "text/csv",
          "nfo:fileName": "DesignMatrix.csv",
          "nidm_regressorNames": "[\"reg1\"]",
          "prov:atLocation": {
            "@type": "http://www.w3.org/2001/XMLSchema#anyURI",
            "@value": "DesignMatrix.csv"
          },
          "xsd:label": "Design Matrix"
        },
        {
          "@id": "niiri:1b4b2bcc-b789-447c-8302-d8739cb60b2f",
          "@type": [
            "nidm_Coordinate",
            "prov:Entity",
            "prov:Location"
          ],
          "nidm_coordinateVector": "[52.0, 2.0, 54.0]",
          "nidm_coordinateVectorInVoxels": "null",
          "xsd:label": "Coordinate 3_02"
        },
        {
          "@id": "niiri:fd1929d0-47f3-411c-a001-6a4bc8eba37a",
          "@type": [
            "prov:Entity",
            "nidm_Peak"
          ],
          "nidm_equivalentZStatistic": {
            "@type": "http://www.w3.org/2001/XMLSchema#float",
            "@value": "3.94"
          },
          "nidm_pValueUncorrected": {
            "@type": "http://www.w3.org/2001/XMLSchema#float",
            "@value": "4.07408045586255e-05"
          },
          "prov:atLocation": {
            "@id": "niiri:90740503-268e-4146-98f0-83f3df0056fe"
          },
          "prov:wasDerivedFrom": {
            "@id": "niiri:cf042cea-58b4-40f4-a173-3adf78671c44"
          },
          "xsd:label": "Peak 6_04"
        },
        {
          "@id": "niiri:782cafb3-5152-4cbc-a8e8-6976aafccdbc",
          "@type": [
            "prov:Entity",
            "obo_statistic",
            "nidm_HeightThreshold"
          ],
          "prov:value": 3.1,
          "xsd:label": "Height Threshold: Z>3.1"
        },
        {
          "@id": "niiri:cc47505c-3f45-4dfa-bb48-75c7a918b21a",
          "@type": [
            "nidm_Coordinate",
            "prov:Entity",
            "prov:Location"
          ],
          "nidm_coordinateVector": "[64.0, -32.0, 4.0]",
          "nidm_coordinateVectorInVoxels": "null",
          "xsd:label": "Coordinate 5_06"
        },
        {
          "@id": "niiri:4cf3cb25-e5f7-448f-9b4e-7cb74b0c4748",
          "@type": [
            "nidm_ClusterLabelsMap",
            "prov:Entity"
          ],
          "crypto:sha512": "3f03338f3fc9593bc42280e247d196bc7dd61a83ad4f638e671128c924cb08c8e619118b3e91f9286a5e9da27be01bca0fc0d04fb7cdcc6f274addae343184af",
          "dct:format": "image/nifti",
          "nfo:fileName": "ClusterLabels.nii.gz",
          "nidm_inCoordinateSpace": {
            "@id": "niiri:32b8fa44-a55c-41c9-9fb9-4cdad9667d59"
          },
          "prov:atLocation": {
            "@type": "http://www.w3.org/2001/XMLSchema#anyURI",
            "@value": "ClusterLabels.nii.gz"
          },
          "xsd:label": "Cluster Labels Map"
        },
        {
          "@id": "niiri:6d555519-2fb9-4542-8f0b-459d9b69c009",
          "@type": [
            "prov:Location",
            "prov:Entity",
            "nidm_Coordinate"
          ],
          "nidm_coordinateVector": "[-46.0, 2.0, 26.0]",
          "nidm_coordinateVectorInVoxels": "null",
          "xsd:label": "Coordinate 6_05"
        },
        {
          "@id": "niiri:bcc58502-6490-4340-99a3-c8739d065b74",
          "@type": [
            "nidm_Peak",
            "prov:Entity"
          ],
          "nidm_equivalentZStatistic": {
            "@type": "http://www.w3.org/2001/XMLSchema#float",
            "@value": "4.19"
          },
          "nidm_pValueUncorrected": {
            "@type": "http://www.w3.org/2001/XMLSchema#float",
            "@value": "1.3947722726892486e-05"
          },
          "prov:atLocation": {
            "@id": "niiri:1f8b9fde-9877-435f-9834-87f427366e1f"
          },
          "prov:wasDerivedFrom": {
            "@id": "niiri:fcb125ef-4c89-4f34-82be-49a8f9ea382b"
          },
          "xsd:label": "Peak 7_06"
        },
        {
          "@id": "niiri:e27f265c-2cd4-401c-b03c-667aa46e28d4",
          "@type": [
            "nidm_ClusterCenterOfGravity",
            "prov:Entity"
          ],
          "prov:atLocation": {
            "@id": "niiri:17fdc366-dabc-4008-bf5c-9d82038db1ec"
          },
          "prov:wasDerivedFrom": {
            "@id": "niiri:b3937431-f696-4810-bbbd-243ee7ff55a1"
          },
          "xsd:label": "Center of gravity 3"
        },
        {
          "@id": "niiri:ef924329-22fe-4d61-8e6f-6edaf7d333ad",
          "@type": [
            "prov:Entity",
            "nidm_Peak"
          ],
          "nidm_equivalentZStatistic": {
            "@type": "http://www.w3.org/2001/XMLSchema#float",
            "@value": "5.24"
          },
          "nidm_pValueUncorrected": {
            "@type": "http://www.w3.org/2001/XMLSchema#float",
            "@value": "8.02882986761233e-08"
          },
          "prov:atLocation": {
            "@id": "niiri:c6135626-adcd-48d4-a4af-a93d063a582a"
          },
          "prov:wasDerivedFrom": {
            "@id": "niiri:fcb125ef-4c89-4f34-82be-49a8f9ea382b"
          },
          "xsd:label": "Peak 7_01"
        },
        {
          "@id": "niiri:e76a474c-267a-41db-858e-3378144ce0ff",
          "@type": [
            "prov:Entity",
            "prov:Location",
            "nidm_Coordinate"
          ],
          "nidm_coordinateVector": "[2.0, 4.0, 64.0]",
          "nidm_coordinateVectorInVoxels": "null",
          "xsd:label": "Coordinate 7_03"
        },
        {
          "@id": "niiri:368dcfd7-7d58-4db7-b6a8-0a1340742ef9",
          "@type": [
            "nidm_Peak",
            "prov:Entity"
          ],
          "nidm_equivalentZStatistic": {
            "@type": "http://www.w3.org/2001/XMLSchema#float",
            "@value": "4.01"
          },
          "nidm_pValueUncorrected": {
            "@type": "http://www.w3.org/2001/XMLSchema#float",
            "@value": "3.0359373926591715e-05"
          },
          "prov:atLocation": {
            "@id": "niiri:10123de7-6ce7-44f1-b714-1948b12470e5"
          },
          "prov:wasDerivedFrom": {
            "@id": "niiri:d440d920-aaef-4199-83f8-ed8b2d4017a7"
          },
          "xsd:label": "Peak 1_03"
        },
        {
          "@id": "niiri:c103f75e-e0f0-449a-b0d9-6ea14ba21312",
          "@type": [
            "nidm_MaskMap",
            "prov:Entity"
          ],
          "crypto:sha512": "e7a6756b3a74f32328bf0bd73ed07b6eccf4d8577d8f20b0c9a0a69a19990fffbabf4dce0e207714fa4d94024de9c37a7fe975036486a7e260bb69e9ccfd2de4",
          "dct:format": "image/nifti",
          "nfo:fileName": "Mask.nii.gz",
          "nidm_inCoordinateSpace": {
            "@id": "niiri:32b8fa44-a55c-41c9-9fb9-4cdad9667d59"
          },
          "nidm_isUserDefined": false,
          "prov:atLocation": {
            "@type": "http://www.w3.org/2001/XMLSchema#anyURI",
            "@value": "Mask.nii.gz"
          },
          "prov:wasGeneratedBy": {
            "@id": "niiri:16a193cc-a66d-4d83-a162-53619ec9a6d9"
          },
          "xsd:label": "Mask"
        },
        {
          "@id": "niiri:3f1493f3-be62-4092-b0ef-28049c25b2bf",
          "@type": [
            "prov:Entity",
            "nidm_ClusterCenterOfGravity"
          ],
          "prov:atLocation": {
            "@id": "niiri:828f74d8-0665-43b3-9ea5-f547a2c06873"
          },
          "prov:wasDerivedFrom": {
            "@id": "niiri:fcb125ef-4c89-4f34-82be-49a8f9ea382b"
          },
          "xsd:label": "Center of gravity 7"
        },
        {
          "@id": "niiri:61faa902-001e-4bf7-a453-62552d820f00",
          "@type": [
            "nidm_Coordinate",
            "prov:Entity",
            "prov:Location"
          ],
          "nidm_coordinateVector": "[46.0, 14.0, 2.0]",
          "nidm_coordinateVectorInVoxels": "null",
          "xsd:label": "Coordinate 4_03"
        },
        {
          "@id": "niiri:90acd56c-4a68-4099-9a71-d563970b5e09",
          "@type": [
            "http://purl.org/dc/dcmitype/Image",
            "prov:Entity"
          ],
          "dct:format": "image/png",
          "nfo:fileName": "ExcursionSet.png",
          "prov:atLocation": {
            "@type": "http://www.w3.org/2001/XMLSchema#anyURI",
            "@value": "ExcursionSet.png"
          }
        },
        {
          "@id": "niiri:220e2ea4-b0a7-4ae7-9448-ed70e142b76c",
          "@type": [
            "prov:Entity",
            "prov:Location",
            "nidm_Coordinate"
          ],
          "nidm_coordinateVector": "[-52.0, -42.0, 12.0]",
          "nidm_coordinateVectorInVoxels": "null",
          "xsd:label": "Coordinate 2_01"
        },
        {
          "@id": "niiri:d733e507-2a09-4d47-accc-ae1538d81841",
          "@type": [
            "nidm_SearchSpaceMaskMap",
            "prov:Entity"
          ],
          "crypto:sha512": "e7a6756b3a74f32328bf0bd73ed07b6eccf4d8577d8f20b0c9a0a69a19990fffbabf4dce0e207714fa4d94024de9c37a7fe975036486a7e260bb69e9ccfd2de4",
          "dct:format": "image/nifti",
          "nfo:fileName": "SearchSpaceMask.nii.gz",
          "nidm_inCoordinateSpace": {
            "@id": "niiri:32b8fa44-a55c-41c9-9fb9-4cdad9667d59"
          },
          "nidm_noiseFWHMInUnits": "[10.7708, 10.1365, 9.72169]",
          "nidm_noiseFWHMInVoxels": "[5.3854, 5.06826, 4.86084]",
          "nidm_noiseRoughnessInVoxels": 0.0364566,
          "nidm_randomFieldStationarity": true,
          "nidm_reselSizeInVoxels": 132.675,
          "nidm_searchVolumeInResels": 1980.5539853024306,
          "nidm_searchVolumeInUnits": 2102160.0,
          "nidm_searchVolumeInVoxels": {
            "@type": "http://www.w3.org/2001/XMLSchema#int",
            "@value": "262770"
          },
          "prov:atLocation": {
            "@type": "http://www.w3.org/2001/XMLSchema#anyURI",
            "@value": "SearchSpaceMask.nii.gz"
          },
          "prov:wasGeneratedBy": {
            "@id": "niiri:6e712cdb-8684-4757-b8e4-c8a63412abe4"
          },
          "xsd:label": "Search Space Mask Map"
        },
        {
          "@id": "niiri:7cadb846-150e-40a5-9564-666bedd323b2",
          "@type": [
            "prov:Entity",
            "nidm_Peak"
          ],
          "nidm_equivalentZStatistic": {
            "@type": "http://www.w3.org/2001/XMLSchema#float",
            "@value": "3.84"
          },
          "nidm_pValueUncorrected": {
            "@type": "http://www.w3.org/2001/XMLSchema#float",
            "@value": "6.151715518321055e-05"
          },
          "prov:atLocation": {
            "@id": "niiri:b9229a40-3a2a-4e55-81f3-2cb7a7ee251a"
          },
          "prov:wasDerivedFrom": {
            "@id": "niiri:e6e979a5-f16c-4c93-a980-681e81c9e634"
          },
          "xsd:label": "Peak 2_03"
        },
        {
          "@id": "niiri:1f8b9fde-9877-435f-9834-87f427366e1f",
          "@type": [
            "prov:Entity",
            "prov:Location",
            "nidm_Coordinate"
          ],
          "nidm_coordinateVector": "[-8.0, 16.0, 40.0]",
          "nidm_coordinateVectorInVoxels": "null",
          "xsd:label": "Coordinate 7_06"
        },
        {
          "@id": "niiri:be10ba30-747b-4abf-a6b5-b0251b77bd4a",
          "@type": [
            "nidm_Coordinate",
            "prov:Entity",
            "prov:Location"
          ],
          "nidm_coordinateVector": "[-42.0, 16.0, 12.0]",
          "nidm_coordinateVectorInVoxels": "null",
          "xsd:label": "Coordinate 1_01"
        },
        {
          "@id": "niiri:97bf03ee-4c7f-444b-a13f-98a7c1b2147f",
          "@type": [
            "prov:Location",
            "nidm_Coordinate",
            "prov:Entity"
          ],
          "nidm_coordinateVector": "[-52.8, -2.13, 40.1]",
          "nidm_coordinateVectorInVoxels": "null",
          "xsd:label": "Coordinate 0006"
        },
        {
          "@id": "niiri:2980d4d2-28b5-4cfd-ae4e-b54ae249def3",
          "@type": [
            "nidm_Peak",
            "prov:Entity"
          ],
          "nidm_equivalentZStatistic": {
            "@type": "http://www.w3.org/2001/XMLSchema#float",
            "@value": "4.2"
          },
          "nidm_pValueUncorrected": {
            "@type": "http://www.w3.org/2001/XMLSchema#float",
            "@value": "1.3345749015902797e-05"
          },
          "prov:atLocation": {
            "@id": "niiri:c56ddd29-dd9b-4b0c-aba8-1d8204df042b"
          },
          "prov:wasDerivedFrom": {
            "@id": "niiri:fcb125ef-4c89-4f34-82be-49a8f9ea382b"
          },
          "xsd:label": "Peak 7_05"
        },
        {
          "@id": "niiri:e4aba30e-1382-412a-93d5-42395af3d368",
          "@type": [
            "nif:birnlex_2100",
            "prov:Agent",
            "nif:birnlex_2094"
          ],
          "xsd:label": "MRI Scanner"
        },
        {
          "@id": "niiri:b737e1c3-ccaa-4a13-9750-27c42bcd5615",
          "@type": [
            "prov:Entity",
            "nidm_Peak"
          ],
          "nidm_equivalentZStatistic": {
            "@type": "http://www.w3.org/2001/XMLSchema#float",
            "@value": "4.19"
          },
          "nidm_pValueUncorrected": {
            "@type": "http://www.w3.org/2001/XMLSchema#float",
            "@value": "1.3947722726892486e-05"
          },
          "prov:atLocation": {
            "@id": "niiri:220e2ea4-b0a7-4ae7-9448-ed70e142b76c"
          },
          "prov:wasDerivedFrom": {
            "@id": "niiri:e6e979a5-f16c-4c93-a980-681e81c9e634"
          },
          "xsd:label": "Peak 2_01"
        },
        {
          "@id": "niiri:c4f9b6db-38f1-4996-b7cf-be1cdee841b6",
          "@type": [
            "prov:Entity",
            "nidm_Coordinate",
            "prov:Location"
          ],
          "nidm_coordinateVector": "[-54.0, -38.0, 28.0]",
          "nidm_coordinateVectorInVoxels": "null",
          "xsd:label": "Coordinate 2_06"
        },
        {
          "@id": "niiri:9b96f854-4c0c-4740-8c60-8c02dcb31b7e",
          "@type": [
            "nidm_Coordinate",
            "prov:Location",
            "prov:Entity"
          ],
          "nidm_coordinateVector": "[68.0, -38.0, 14.0]",
          "nidm_coordinateVectorInVoxels": "null",
          "xsd:label": "Coordinate 5_04"
        },
        {
          "@id": "niiri:78e594cf-c674-4ea2-b003-be09b9e17c29",
          "@type": [
            "prov:Entity",
            "prov:Location",
            "nidm_Coordinate"
          ],
          "nidm_coordinateVector": "[44.0, -2.0, 42.0]",
          "nidm_coordinateVectorInVoxels": "null",
          "xsd:label": "Coordinate 3_03"
        },
        {
          "@id": "niiri:70a9862d-8268-4391-9aee-0676583f914e",
          "@type": [
            "http://purl.org/dc/dcmitype/Image",
            "prov:Entity"
          ],
          "dct:format": "image/png",
          "nfo:fileName": "DesignMatrix.png",
          "prov:atLocation": {
            "@type": "http://www.w3.org/2001/XMLSchema#anyURI",
            "@value": "DesignMatrix.png"
          }
        },
        {
          "@id": "niiri:1b19adc4-c270-465e-b827-1a367f3bb678",
          "@type": [
            "prov:Entity",
            "nidm_Peak"
          ],
          "nidm_equivalentZStatistic": {
            "@type": "http://www.w3.org/2001/XMLSchema#float",
            "@value": "4.61"
          },
          "nidm_pValueUncorrected": {
            "@type": "http://www.w3.org/2001/XMLSchema#float",
            "@value": "2.013344854834287e-06"
          },
          "prov:atLocation": {
            "@id": "niiri:4e4c643c-5c95-4fb1-81c1-c588e996867f"
          },
          "prov:wasDerivedFrom": {
            "@id": "niiri:fcb125ef-4c89-4f34-82be-49a8f9ea382b"
          },
          "xsd:label": "Peak 7_04"
        },
        {
          "@id": "niiri:90740503-268e-4146-98f0-83f3df0056fe",
          "@type": [
            "nidm_Coordinate",
            "prov:Location",
            "prov:Entity"
          ],
          "nidm_coordinateVector": "[-58.0, 4.0, 20.0]",
          "nidm_coordinateVectorInVoxels": "null",
          "xsd:label": "Coordinate 6_04"
        },
        {
          "@id": "niiri:4836d7a0-29e6-4717-af27-8525056c9f4c",
          "@type": [
            "obo_contrastweightmatrix",
            "prov:Entity"
          ],
          "nidm_contrastName": "group mean",
          "nidm_statisticType": {
            "@id": "obo:STATO_0000176"
          },
          "prov:value": "[1]",
          "xsd:label": "Contrast Weights: group mean"
        },
        {
          "@id": "niiri:8fce3ce1-6a96-4ade-b4dc-a86ddf2d0388",
          "@type": [
            "prov:Location",
            "prov:Entity",
            "nidm_Coordinate"
          ],
          "nidm_coordinateVector": "[62.0, -34.0, 12.0]",
          "nidm_coordinateVectorInVoxels": "null",
          "xsd:label": "Coordinate 5_01"
        },
        {
          "@id": "niiri:3c885828-9796-48cf-b2fe-88f76ad710d0",
          "@type": [
            "prov:Location",
            "prov:Entity",
            "nidm_Coordinate"
          ],
          "nidm_coordinateVector": "[-6.0, 2.0, 60.0]",
          "nidm_coordinateVectorInVoxels": "null",
          "xsd:label": "Coordinate 7_02"
        },
        {
          "@id": "niiri:c56ddd29-dd9b-4b0c-aba8-1d8204df042b",
          "@type": [
            "nidm_Coordinate",
            "prov:Entity",
            "prov:Location"
          ],
          "nidm_coordinateVector": "[-8.0, 14.0, 44.0]",
          "nidm_coordinateVectorInVoxels": "null",
          "xsd:label": "Coordinate 7_05"
        },
        {
          "@id": "niiri:bd427f43-0cf0-4e19-9437-f0b9fbdc7b2f",
          "@type": [
            "nidm_Coordinate",
            "prov:Location",
            "prov:Entity"
          ],
          "nidm_coordinateVector": "[61.9, -34.2, 8.18]",
          "nidm_coordinateVectorInVoxels": "null",
          "xsd:label": "Coordinate 0005"
        },
        {
          "@id": "niiri:eb6d73c1-9c20-406e-be8e-c5be7b6404a1",
          "@type": [
            "nidm_Peak",
            "prov:Entity"
          ],
          "nidm_equivalentZStatistic": {
            "@type": "http://www.w3.org/2001/XMLSchema#float",
            "@value": "3.81"
          },
          "nidm_pValueUncorrected": {
            "@type": "http://www.w3.org/2001/XMLSchema#float",
            "@value": "6.948339587986574e-05"
          },
          "prov:atLocation": {
            "@id": "niiri:fd4c5b45-6a67-4e6f-9188-daf352e70522"
          },
          "prov:wasDerivedFrom": {
            "@id": "niiri:e6e979a5-f16c-4c93-a980-681e81c9e634"
          },
          "xsd:label": "Peak 2_04"
        },
        {
          "@id": "niiri:2a5a043d-8956-44b1-8ff5-2a178f6a0fe2",
          "@type": [
            "nidm_StatisticMap",
            "prov:Entity"
          ],
          "crypto:sha512": "457fea06e2355a77866cfc0053e8f05fc6b9057a5e2e178b0089c990ed94bfc6787121fca2bdd33eed652d49271e211db22b41aeed453751f1fd8fc731031efb",
          "dct:format": "image/nifti",
          "nfo:fileName": "TStatistic.nii.gz",
          "nidm_contrastName": "group mean",
          "nidm_effectDegreesOfFreedom": 1.0,
          "nidm_errorDegreesOfFreedom": 13.0,
          "nidm_inCoordinateSpace": {
            "@id": "niiri:32b8fa44-a55c-41c9-9fb9-4cdad9667d59"
          },
          "nidm_statisticType": {
            "@id": "obo:STATO_0000176"
          },
          "prov:atLocation": {
            "@type": "http://www.w3.org/2001/XMLSchema#anyURI",
            "@value": "TStatistic.nii.gz"
          },
          "prov:wasGeneratedBy": {
            "@id": "niiri:4fbc1e82-bcc8-4fda-91c9-70d278d86b19"
          },
          "xsd:label": "T-Statistic Map: group mean"
        },
        {
          "@id": "niiri:9b48a677-e1fd-440d-b003-dad42c91e0ca",
          "@type": [
            "prov:Entity",
            "nidm_SupraThresholdCluster"
          ],
          "nidm_clusterLabelId": {
            "@type": "http://www.w3.org/2001/XMLSchema#int",
            "@value": "5"
          },
          "nidm_clusterSizeInVoxels": {
            "@type": "http://www.w3.org/2001/XMLSchema#int",
            "@value": "681"
          },
          "nidm_pValueFWER": {
            "@type": "http://www.w3.org/2001/XMLSchema#float",
            "@value": "3.22e-06"
          },
          "prov:wasDerivedFrom": {
            "@id": "niiri:ec58f872-16ee-4ef6-887d-98c176cb8597"
          },
          "xsd:label": "Supra-Threshold Cluster 0005"
        },
        {
          "@id": "niiri:d440d920-aaef-4199-83f8-ed8b2d4017a7",
          "@type": [
            "nidm_SupraThresholdCluster",
            "prov:Entity"
          ],
          "nidm_clusterLabelId": {
            "@type": "http://www.w3.org/2001/XMLSchema#int",
            "@value": "1"
          },
          "nidm_clusterSizeInVoxels": {
            "@type": "http://www.w3.org/2001/XMLSchema#int",
            "@value": "321"
          },
          "nidm_pValueFWER": {
            "@type": "http://www.w3.org/2001/XMLSchema#float",
            "@value": "0.00145"
          },
          "prov:wasDerivedFrom": {
            "@id": "niiri:ec58f872-16ee-4ef6-887d-98c176cb8597"
          },
          "xsd:label": "Supra-Threshold Cluster 0001"
        },
        {
          "@id": "niiri:4fbc1e82-bcc8-4fda-91c9-70d278d86b19",
          "@type": [
            "prov:Activity",
            "nidm_ContrastEstimation"
          ],
          "prov:used": [
            {
              "@id": "niiri:f23360e1-cbd3-4955-af29-80f2105c66b5"
            },
            {
              "@id": "niiri:f43178fe-8f13-4eca-8710-976ffaaa6de8"
            },
            {
              "@id": "niiri:4836d7a0-29e6-4717-af27-8525056c9f4c"
            },
            {
              "@id": "niiri:c103f75e-e0f0-449a-b0d9-6ea14ba21312"
            },
            {
              "@id": "niiri:dcd97f22-16ea-432e-9261-ad91b4db567b"
            }
          ],
          "prov:wasAssociatedWith": {
            "@id": "niiri:7e989c39-7b45-420a-aa28-cf43c0b0f926"
          },
          "xsd:label": "Contrast estimation: group mean"
        },
        {
          "@id": "niiri:ed0793f8-6682-4d62-8992-f9d55cbfd332",
          "@type": [
            "nidm_ClusterCenterOfGravity",
            "prov:Entity"
          ],
          "prov:atLocation": {
            "@id": "niiri:bd427f43-0cf0-4e19-9437-f0b9fbdc7b2f"
          },
          "prov:wasDerivedFrom": {
            "@id": "niiri:9b48a677-e1fd-440d-b003-dad42c91e0ca"
          },
          "xsd:label": "Center of gravity 5"
        },
        {
          "@id": "niiri:f7e45f23-eaaf-4f74-ad3c-fd827937f028",
          "@type": [
            "nidm_Peak",
            "prov:Entity"
          ],
          "nidm_equivalentZStatistic": {
            "@type": "http://www.w3.org/2001/XMLSchema#float",
            "@value": "3.72"
          },
          "nidm_pValueUncorrected": {
            "@type": "http://www.w3.org/2001/XMLSchema#float",
            "@value": "9.9611388975962e-05"
          },
          "prov:atLocation": {
            "@id": "niiri:84e58700-c3ef-49cd-ade0-aa8eabed8802"
          },
          "prov:wasDerivedFrom": {
            "@id": "niiri:b3937431-f696-4810-bbbd-243ee7ff55a1"
          },
          "xsd:label": "Peak 3_04"
        },
        {
          "@id": "niiri:fa532379-c64b-418b-9405-1f63532d7106",
          "@type": [
            "prov:Entity",
            "nidm_Peak"
          ],
          "nidm_equivalentZStatistic": {
            "@type": "http://www.w3.org/2001/XMLSchema#float",
            "@value": "3.52"
          },
          "nidm_pValueUncorrected": {
            "@type": "http://www.w3.org/2001/XMLSchema#float",
            "@value": "0.0002157733992946831"
          },
          "prov:atLocation": {
            "@id": "niiri:d5a7a00e-176e-4778-bb36-61b5af7fc493"
          },
          "prov:wasDerivedFrom": {
            "@id": "niiri:d440d920-aaef-4199-83f8-ed8b2d4017a7"
          },
          "xsd:label": "Peak 1_04"
        },
        {
          "@id": "niiri:29ac67d1-479b-4a85-9264-88ebca24b828",
          "@type": [
            "prov:Entity",
            "nidm_ClusterDefinitionCriteria"
          ],
          "nidm_hasConnectivityCriterion": {
            "@id": "nidm:NIDM_0000129"
          },
          "xsd:label": "Cluster Connectivity Criterion: 26"
        },
        {
          "@id": "niiri:fcef9ef3-ff08-498b-a535-fd1110bbed02",
          "@type": [
            "nidm_Coordinate",
            "prov:Entity",
            "prov:Location"
          ],
          "nidm_coordinateVector": "[70.0, -28.0, 2.0]",
          "nidm_coordinateVectorInVoxels": "null",
          "xsd:label": "Coordinate 5_02"
        },
        {
          "@id": "niiri:32cf5d8e-13de-4faa-bbf5-fbc6799d5434",
          "@type": [
            "nidm_Peak",
            "prov:Entity"
          ],
          "nidm_equivalentZStatistic": {
            "@type": "http://www.w3.org/2001/XMLSchema#float",
            "@value": "4.05"
          },
          "nidm_pValueUncorrected": {
            "@type": "http://www.w3.org/2001/XMLSchema#float",
            "@value": "2.560881647406532e-05"
          },
          "prov:atLocation": {
            "@id": "niiri:36e0e0fa-1ac9-4738-bd53-f5b284136a06"
          },
          "prov:wasDerivedFrom": {
            "@id": "niiri:b3d797d3-26c7-4243-8c6a-8734fa2a2f16"
          },
          "xsd:label": "Peak 4_01"
        },
        {
          "@id": "niiri:32b8fa44-a55c-41c9-9fb9-4cdad9667d59",
          "@type": [
            "nidm_CoordinateSpace",
            "prov:Entity"
          ],
          "nidm_dimensionsInVoxels": "[91, 109, 91]",
          "nidm_inWorldCoordinateSystem": {
            "@id": "nidm:NIDM_0000047"
          },
          "nidm_numberOfDimensions": {
            "@type": "http://www.w3.org/2001/XMLSchema#int",
            "@value": "3"
          },
          "nidm_voxelSize": "[2.0, 2.0, 2.0]",
          "nidm_voxelToWorldMapping": "[[-2.0, 0.0, 0.0, 90.0], [0.0, 2.0, 0.0, -126.0], [0.0, 0.0, 2.0, -72.0], [0.0, 0.0, 0.0, 1.0]]",
          "nidm_voxelUnits": "[\"mm\", \"mm\", \"mm\"]",
          "xsd:label": "Coordinate space"
        },
        {
          "@id": "niiri:fcb64e07-56d9-4ebd-b3b9-2fdc5bc1e53b",
          "@type": [
            "prov:Location",
            "prov:Entity",
            "nidm_Coordinate"
          ],
          "nidm_coordinateVector": "[58.0, -2.0, 48.0]",
          "nidm_coordinateVectorInVoxels": "null",
          "xsd:label": "Coordinate 3_01"
        },
        {
          "@id": "niiri:4f67c932-2703-46b9-a2f0-c37059300382",
          "@type": [
            "prov:Entity",
            "nidm_Peak"
          ],
          "nidm_equivalentZStatistic": {
            "@type": "http://www.w3.org/2001/XMLSchema#float",
            "@value": "4.11"
          },
          "nidm_pValueUncorrected": {
            "@type": "http://www.w3.org/2001/XMLSchema#float",
            "@value": "1.9782955868241636e-05"
          },
          "prov:atLocation": {
            "@id": "niiri:a2a294b1-4c59-4005-b1c0-eedb39059c68"
          },
          "prov:wasDerivedFrom": {
            "@id": "niiri:d440d920-aaef-4199-83f8-ed8b2d4017a7"
          },
          "xsd:label": "Peak 1_02"
        },
        {
          "@id": "niiri:d94e7f8e-5d36-45ea-8cb3-fb5bd8e2d46c",
          "@type": [
            "nidm_ErrorModel",
            "prov:Entity"
          ],
          "nidm_errorVarianceHomogeneous": true,
          "nidm_hasErrorDependence": {
            "@id": "nidm:NIDM_0000048"
          },
          "nidm_hasErrorDistribution": {
            "@id": "obo:STATO_0000227"
          },
          "nidm_varianceMapWiseDependence": {
            "@id": "nidm:NIDM_0000073"
          }
        },
        {
          "@id": "niiri:84e58700-c3ef-49cd-ade0-aa8eabed8802",
          "@type": [
            "prov:Location",
            "prov:Entity",
            "nidm_Coordinate"
          ],
          "nidm_coordinateVector": "[42.0, 2.0, 64.0]",
          "nidm_coordinateVectorInVoxels": "null",
          "xsd:label": "Coordinate 3_04"
        },
        {
          "@id": "niiri:26e90e88-bb0a-43e0-b28f-d0b4d80fa168",
          "@type": [
            "nidm_Coordinate",
            "prov:Entity",
            "prov:Location"
          ],
          "nidm_coordinateVector": "[-46.0, -42.0, 16.0]",
          "nidm_coordinateVectorInVoxels": "null",
          "xsd:label": "Coordinate 2_02"
        },
        {
          "@id": "niiri:36e0e0fa-1ac9-4738-bd53-f5b284136a06",
          "@type": [
            "nidm_Coordinate",
            "prov:Location",
            "prov:Entity"
          ],
          "nidm_coordinateVector": "[32.0, 20.0, 8.0]",
          "nidm_coordinateVectorInVoxels": "null",
          "xsd:label": "Coordinate 4_01"
        },
        {
          "@id": "niiri:1fb5fee7-140f-459e-8208-b13c0445b395",
          "@type": [
            "prov:Entity",
            "nidm_Peak"
          ],
          "nidm_equivalentZStatistic": {
            "@type": "http://www.w3.org/2001/XMLSchema#float",
            "@value": "4.48"
          },
          "nidm_pValueUncorrected": {
            "@type": "http://www.w3.org/2001/XMLSchema#float",
            "@value": "3.7321519605892917e-06"
          },
          "prov:atLocation": {
            "@id": "niiri:8fce3ce1-6a96-4ade-b4dc-a86ddf2d0388"
          },
          "prov:wasDerivedFrom": {
            "@id": "niiri:9b48a677-e1fd-440d-b003-dad42c91e0ca"
          },
          "xsd:label": "Peak 5_01"
        },
        {
          "@id": "niiri:c735f47a-dc12-4c51-847d-1ff48076aab6",
          "@type": [
            "nidm_Peak",
            "prov:Entity"
          ],
          "nidm_equivalentZStatistic": {
            "@type": "http://www.w3.org/2001/XMLSchema#float",
            "@value": "4.02"
          },
          "nidm_pValueUncorrected": {
            "@type": "http://www.w3.org/2001/XMLSchema#float",
            "@value": "2.90990707119132e-05"
          },
          "prov:atLocation": {
            "@id": "niiri:26e90e88-bb0a-43e0-b28f-d0b4d80fa168"
          },
          "prov:wasDerivedFrom": {
            "@id": "niiri:e6e979a5-f16c-4c93-a980-681e81c9e634"
          },
          "xsd:label": "Peak 2_02"
        },
        {
          "@id": "niiri:e6e979a5-f16c-4c93-a980-681e81c9e634",
          "@type": [
            "nidm_SupraThresholdCluster",
            "prov:Entity"
          ],
          "nidm_clusterLabelId": {
            "@type": "http://www.w3.org/2001/XMLSchema#int",
            "@value": "2"
          },
          "nidm_clusterSizeInVoxels": {
            "@type": "http://www.w3.org/2001/XMLSchema#int",
            "@value": "349"
          },
          "nidm_pValueFWER": {
            "@type": "http://www.w3.org/2001/XMLSchema#float",
            "@value": "0.000846"
          },
          "prov:wasDerivedFrom": {
            "@id": "niiri:ec58f872-16ee-4ef6-887d-98c176cb8597"
          },
          "xsd:label": "Supra-Threshold Cluster 0002"
        },
        {
          "@id": "niiri:cf042cea-58b4-40f4-a173-3adf78671c44",
          "@type": [
            "nidm_SupraThresholdCluster",
            "prov:Entity"
          ],
          "nidm_clusterLabelId": {
            "@type": "http://www.w3.org/2001/XMLSchema#int",
            "@value": "6"
          },
          "nidm_clusterSizeInVoxels": {
            "@type": "http://www.w3.org/2001/XMLSchema#int",
            "@value": "810"
          },
          "nidm_pValueFWER": {
            "@type": "http://www.w3.org/2001/XMLSchema#float",
            "@value": "4.77e-07"
          },
          "prov:wasDerivedFrom": {
            "@id": "niiri:ec58f872-16ee-4ef6-887d-98c176cb8597"
          },
          "xsd:label": "Supra-Threshold Cluster 0006"
        },
        {
          "@id": "niiri:219a6abd-e060-429c-ab8e-02d939f67066",
          "@type": [
            "prov:Location",
            "prov:Entity",
            "nidm_Coordinate"
          ],
          "nidm_coordinateVector": "[-52.0, -2.0, 52.0]",
          "nidm_coordinateVectorInVoxels": "null",
          "xsd:label": "Coordinate 6_02"
        },
        {
          "@id": "niiri:579e541c-366c-4410-9349-9b801346950e",
          "@type": [
            "prov:Entity",
            "nidm_Peak"
          ],
          "nidm_equivalentZStatistic": {
            "@type": "http://www.w3.org/2001/XMLSchema#float",
            "@value": "3.52"
          },
          "nidm_pValueUncorrected": {
            "@type": "http://www.w3.org/2001/XMLSchema#float",
            "@value": "0.0002157733992946831"
          },
          "prov:atLocation": {
            "@id": "niiri:9fbe61c5-e76a-4576-8780-7449aa2c808d"
          },
          "prov:wasDerivedFrom": {
            "@id": "niiri:b3d797d3-26c7-4243-8c6a-8734fa2a2f16"
          },
          "xsd:label": "Peak 4_04"
        },
        {
          "@id": "niiri:aa63af5e-dcac-4bcf-bd74-b9cdc54de25d",
          "@type": [
            "nidm_Peak",
            "prov:Entity"
          ],
          "nidm_equivalentZStatistic": {
            "@type": "http://www.w3.org/2001/XMLSchema#float",
            "@value": "3.76"
          },
          "nidm_pValueUncorrected": {
            "@type": "http://www.w3.org/2001/XMLSchema#float",
            "@value": "8.495667849794941e-05"
          },
          "prov:atLocation": {
            "@id": "niiri:67408be1-7407-4aaa-9c7b-4eddc55e2e6f"
          },
          "prov:wasDerivedFrom": {
            "@id": "niiri:e6e979a5-f16c-4c93-a980-681e81c9e634"
          },
          "xsd:label": "Peak 2_05"
        },
        {
          "@id": "niiri:af1b8353-b4b8-432b-93d0-53e2ed2c5098",
          "@type": [
            "prov:Entity",
            "nidm_Peak"
          ],
          "nidm_equivalentZStatistic": {
            "@type": "http://www.w3.org/2001/XMLSchema#float",
            "@value": "4.16"
          },
          "nidm_pValueUncorrected": {
            "@type": "http://www.w3.org/2001/XMLSchema#float",
            "@value": "1.5912379719096315e-05"
          },
          "prov:atLocation": {
            "@id": "niiri:6843f8aa-7e34-494f-8d85-06973394f57d"
          },
          "prov:wasDerivedFrom": {
            "@id": "niiri:9b48a677-e1fd-440d-b003-dad42c91e0ca"
          },
          "xsd:label": "Peak 5_03"
        },
        {
          "@id": "niiri:b9229a40-3a2a-4e55-81f3-2cb7a7ee251a",
          "@type": [
            "prov:Location",
            "prov:Entity",
            "nidm_Coordinate"
          ],
          "nidm_coordinateVector": "[-62.0, -32.0, 8.0]",
          "nidm_coordinateVectorInVoxels": "null",
          "xsd:label": "Coordinate 2_03"
        },
        {
          "@id": "niiri:0e98dbbe-3324-4404-8570-fe1e4aa3106a",
          "@type": [
            "prov:Collection",
            "prov:Entity",
            "nidm_Data"
          ],
          "nidm_grandMeanScaling": true,
          "nidm_hasMRIProtocol": {
            "@id": "nif:birnlex_2250"
          },
          "nidm_targetIntensity": 10000.0,
          "prov:wasAttributedTo": [
            {
              "@id": "niiri:e4aba30e-1382-412a-93d5-42395af3d368"
            },
            {
              "@id": "niiri:5567c3b6-0e34-4f73-91ae-284eb0febc61"
            }
          ],
          "xsd:label": "Data"
        },
        {
          "@id": "niiri:6e712cdb-8684-4757-b8e4-c8a63412abe4",
          "@type": [
            "prov:Activity",
            "nidm_Inference"
          ],
          "nidm_hasAlternativeHypothesis": {
            "@id": "nidm:NIDM_0000060"
          },
          "prov:used": [
            {
              "@id": "niiri:29ac67d1-479b-4a85-9264-88ebca24b828"
            },
            {
              "@id": "niiri:c103f75e-e0f0-449a-b0d9-6ea14ba21312"
            },
            {
              "@id": "niiri:9150bd80-67bf-403a-808f-61bd8a58f4c8"
            },
            {
              "@id": "niiri:3a8d9e0c-cd5b-4ad2-aa52-04e309d85a56"
            },
            {
              "@id": "niiri:782cafb3-5152-4cbc-a8e8-6976aafccdbc"
            },
            {
              "@id": "niiri:8bf45685-4efe-4190-bcf6-a4d428460cdd"
            }
          ],
          "prov:wasAssociatedWith": {
            "@id": "niiri:7e989c39-7b45-420a-aa28-cf43c0b0f926"
          },
          "xsd:label": "Inference: group mean"
        },
        {
          "@id": "niiri:c6135626-adcd-48d4-a4af-a93d063a582a",
          "@type": [
            "nidm_Coordinate",
            "prov:Location",
            "prov:Entity"
          ],
          "nidm_coordinateVector": "[-8.0, 0.0, 64.0]",
          "nidm_coordinateVectorInVoxels": "null",
          "xsd:label": "Coordinate 7_01"
        },
        {
          "@id": "niiri:c17ba002-111c-4913-818a-7cb0084c8745",
          "@type": [
            "nidm_Peak",
            "prov:Entity"
          ],
          "nidm_equivalentZStatistic": {
            "@type": "http://www.w3.org/2001/XMLSchema#float",
            "@value": "3.99"
          },
          "nidm_pValueUncorrected": {
            "@type": "http://www.w3.org/2001/XMLSchema#float",
            "@value": "3.3036647629325344e-05"
          },
          "prov:atLocation": {
            "@id": "niiri:813ab1bc-9650-43d3-97fa-4f7f7a772e4f"
          },
          "prov:wasDerivedFrom": {
            "@id": "niiri:9b48a677-e1fd-440d-b003-dad42c91e0ca"
          },
          "xsd:label": "Peak 5_05"
        },
        {
          "@id": "niiri:c28aa52d-3f85-45fe-a25c-d660550d2914",
          "@type": [
            "nidm_Peak",
            "prov:Entity"
          ],
          "nidm_equivalentZStatistic": {
            "@type": "http://www.w3.org/2001/XMLSchema#float",
            "@value": "3.4"
          },
          "nidm_pValueUncorrected": {
            "@type": "http://www.w3.org/2001/XMLSchema#float",
            "@value": "0.0003369292656768552"
          },
          "prov:atLocation": {
            "@id": "niiri:471275d3-51da-44b0-881e-d11695b6daf2"
          },
          "prov:wasDerivedFrom": {
            "@id": "niiri:b3d797d3-26c7-4243-8c6a-8734fa2a2f16"
          },
          "xsd:label": "Peak 4_05"
        },
        {
          "@id": "niiri:a2a294b1-4c59-4005-b1c0-eedb39059c68",
          "@type": [
            "nidm_Coordinate",
            "prov:Entity",
            "prov:Location"
          ],
          "nidm_coordinateVector": "[-36.0, 12.0, 12.0]",
          "nidm_coordinateVectorInVoxels": "null",
          "xsd:label": "Coordinate 1_02"
        },
        {
          "@id": "niiri:1ecf5a49-a58c-49b9-ac32-5c3990d7b4cc",
          "@type": [
            "prov:Entity",
            "nidm_Peak"
          ],
          "nidm_equivalentZStatistic": {
            "@type": "http://www.w3.org/2001/XMLSchema#float",
            "@value": "4.03"
          },
          "nidm_pValueUncorrected": {
            "@type": "http://www.w3.org/2001/XMLSchema#float",
            "@value": "2.7888426440636493e-05"
          },
          "prov:atLocation": {
            "@id": "niiri:9b96f854-4c0c-4740-8c60-8c02dcb31b7e"
          },
          "prov:wasDerivedFrom": {
            "@id": "niiri:9b48a677-e1fd-440d-b003-dad42c91e0ca"
          },
          "xsd:label": "Peak 5_04"
        },
        {
          "@id": "niiri:3d7f4177-1358-4d39-bf59-55be64ecee3d",
          "@type": [
            "prov:Entity",
            "nidm_Peak"
          ],
          "nidm_equivalentZStatistic": {
            "@type": "http://www.w3.org/2001/XMLSchema#float",
            "@value": "3.94"
          },
          "nidm_pValueUncorrected": {
            "@type": "http://www.w3.org/2001/XMLSchema#float",
            "@value": "4.07408045586255e-05"
          },
          "prov:atLocation": {
            "@id": "niiri:61faa902-001e-4bf7-a453-62552d820f00"
          },
          "prov:wasDerivedFrom": {
            "@id": "niiri:b3d797d3-26c7-4243-8c6a-8734fa2a2f16"
          },
          "xsd:label": "Peak 4_03"
        },
        {
          "@id": "niiri:0adc91ad-b41d-415f-8dba-1332ef84f11e",
          "@type": [
            "nidm_Peak",
            "prov:Entity"
          ],
          "nidm_equivalentZStatistic": {
            "@type": "http://www.w3.org/2001/XMLSchema#float",
            "@value": "4.97"
          },
          "nidm_pValueUncorrected": {
            "@type": "http://www.w3.org/2001/XMLSchema#float",
            "@value": "3.347645083362494e-07"
          },
          "prov:atLocation": {
            "@id": "niiri:fcb64e07-56d9-4ebd-b3b9-2fdc5bc1e53b"
          },
          "prov:wasDerivedFrom": {
            "@id": "niiri:b3937431-f696-4810-bbbd-243ee7ff55a1"
          },
          "xsd:label": "Peak 3_01"
        },
        {
          "@id": "niiri:9fbe61c5-e76a-4576-8780-7449aa2c808d",
          "@type": [
            "prov:Entity",
            "nidm_Coordinate",
            "prov:Location"
          ],
          "nidm_coordinateVector": "[38.0, 10.0, 2.0]",
          "nidm_coordinateVectorInVoxels": "null",
          "xsd:label": "Coordinate 4_04"
        },
        {
          "@id": "niiri:4e4c643c-5c95-4fb1-81c1-c588e996867f",
          "@type": [
            "nidm_Coordinate",
            "prov:Location",
            "prov:Entity"
          ],
          "nidm_coordinateVector": "[12.0, 18.0, 38.0]",
          "nidm_coordinateVectorInVoxels": "null",
          "xsd:label": "Coordinate 7_04"
        },
        {
          "@id": "niiri:6843f8aa-7e34-494f-8d85-06973394f57d",
          "@type": [
            "nidm_Coordinate",
            "prov:Entity",
            "prov:Location"
          ],
          "nidm_coordinateVector": "[54.0, -38.0, 8.0]",
          "nidm_coordinateVectorInVoxels": "null",
          "xsd:label": "Coordinate 5_03"
        },
        {
          "@id": "niiri:ec58f872-16ee-4ef6-887d-98c176cb8597",
          "@type": [
            "nidm_ExcursionSetMap",
            "prov:Entity"
          ],
          "crypto:sha512": "768bd6de4fa946ac48dc3f6afaee41ed99c5dfd988d0a06d7766db8545d88cb4623409e2dce83959ff5917d5f1cfefaa159fbf47710604f8bc709940750f6821",
          "dc_Description": {
            "@id": "niiri:90acd56c-4a68-4099-9a71-d563970b5e09"
          },
          "dct:format": "image/nifti",
          "nfo:fileName": "ExcursionSet.nii.gz",
          "nidm_hasClusterLabelsMap": {
            "@id": "niiri:4cf3cb25-e5f7-448f-9b4e-7cb74b0c4748"
          },
          "nidm_inCoordinateSpace": {
            "@id": "niiri:32b8fa44-a55c-41c9-9fb9-4cdad9667d59"
          },
          "prov:atLocation": {
            "@type": "http://www.w3.org/2001/XMLSchema#anyURI",
            "@value": "ExcursionSet.nii.gz"
          },
          "prov:wasGeneratedBy": {
            "@id": "niiri:6e712cdb-8684-4757-b8e4-c8a63412abe4"
          },
          "xsd:label": "Excursion Set Map"
        },
        {
          "@id": "niiri:3d6001c0-600f-42ae-b634-ab329179cc28",
          "@type": [
            "prov:Entity",
            "nidm_ClusterCenterOfGravity"
          ],
          "prov:atLocation": {
            "@id": "niiri:01aa99bf-d46e-4f01-997b-868e1e6cfe0c"
          },
          "prov:wasDerivedFrom": {
            "@id": "niiri:b3d797d3-26c7-4243-8c6a-8734fa2a2f16"
          },
          "xsd:label": "Center of gravity 4"
        },
        {
          "@id": "niiri:e07aa78a-5a0d-4051-94c1-a1facda378ea",
          "@type": [
            "prov:Entity",
            "nidm_Peak"
          ],
          "nidm_equivalentZStatistic": {
            "@type": "http://www.w3.org/2001/XMLSchema#float",
            "@value": "3.86"
          },
          "nidm_pValueUncorrected": {
            "@type": "http://www.w3.org/2001/XMLSchema#float",
            "@value": "5.6693512534233825e-05"
          },
          "prov:atLocation": {
            "@id": "niiri:6d555519-2fb9-4542-8f0b-459d9b69c009"
          },
          "prov:wasDerivedFrom": {
            "@id": "niiri:cf042cea-58b4-40f4-a173-3adf78671c44"
          },
          "xsd:label": "Peak 6_05"
        },
        {
          "@id": "niiri:a67c01ab-cc07-4007-887d-2e038c0e3580",
          "@type": [
            "prov:Entity",
            "nidm_ContrastMap"
          ],
          "crypto:sha512": "989e2a18a6230c05ad27caf1d3e18dc59b32c5a8348a711ba08ccd03c2097e02f2f88223530f911bfde9f532ee5255d815151e06e6b109b675c2fd3a55f6f6d1",
          "dct:format": "image/nifti",
          "nfo:fileName": "Contrast.nii.gz",
          "nidm_contrastName": "group mean",
          "nidm_inCoordinateSpace": {
            "@id": "niiri:32b8fa44-a55c-41c9-9fb9-4cdad9667d59"
          },
          "prov:atLocation": {
            "@type": "http://www.w3.org/2001/XMLSchema#anyURI",
            "@value": "Contrast.nii.gz"
          },
          "prov:wasGeneratedBy": {
            "@id": "niiri:4fbc1e82-bcc8-4fda-91c9-70d278d86b19"
          },
          "xsd:label": "Contrast Map: group mean"
        },
        {
          "@id": "niiri:10123de7-6ce7-44f1-b714-1948b12470e5",
          "@type": [
            "prov:Location",
            "prov:Entity",
            "nidm_Coordinate"
          ],
          "nidm_coordinateVector": "[-40.0, 10.0, 2.0]",
          "nidm_coordinateVectorInVoxels": "null",
          "xsd:label": "Coordinate 1_03"
        },
        {
          "@id": "niiri:f23360e1-cbd3-4955-af29-80f2105c66b5",
          "@type": [
            "nidm_ParameterEstimateMap",
            "prov:Entity"
          ],
          "crypto:sha512": "989e2a18a6230c05ad27caf1d3e18dc59b32c5a8348a711ba08ccd03c2097e02f2f88223530f911bfde9f532ee5255d815151e06e6b109b675c2fd3a55f6f6d1",
          "dct:format": "image/nifti",
          "nfo:fileName": "ParameterEstimate_001.nii.gz",
          "nidm_inCoordinateSpace": {
            "@id": "niiri:32b8fa44-a55c-41c9-9fb9-4cdad9667d59"
          },
          "prov:atLocation": {
            "@type": "http://www.w3.org/2001/XMLSchema#anyURI",
            "@value": "ParameterEstimate_001.nii.gz"
          },
          "prov:wasGeneratedBy": {
            "@id": "niiri:16a193cc-a66d-4d83-a162-53619ec9a6d9"
          },
          "xsd:label": "Parameter estimate 1"
        },
        {
          "@id": "niiri:109d5046-92a8-4f55-b5c5-7f0327025c10",
          "@type": [
            "prov:Entity",
            "nidm_ClusterCenterOfGravity"
          ],
          "prov:atLocation": {
            "@id": "niiri:20156b2f-090e-4106-89da-5e35120022eb"
          },
          "prov:wasDerivedFrom": {
            "@id": "niiri:d440d920-aaef-4199-83f8-ed8b2d4017a7"
          },
          "xsd:label": "Center of gravity 1"
        },
        {
          "@id": "niiri:ffb0e92a-389b-446f-8c3a-8ea848e94d46",
          "@type": [
            "prov:Entity",
            "nidm_ClusterCenterOfGravity"
          ],
          "prov:atLocation": {
            "@id": "niiri:9f40f40a-112b-43d7-9fa1-846c42e86171"
          },
          "prov:wasDerivedFrom": {
            "@id": "niiri:e6e979a5-f16c-4c93-a980-681e81c9e634"
          },
          "xsd:label": "Center of gravity 2"
        },
        {
          "@id": "niiri:86b5d6a0-dcea-44af-a106-aa2bb89183f9",
          "@type": [
            "prov:Entity",
            "nidm_ContrastVarianceMap"
          ],
          "crypto:sha512": "4bf02057742e8ec152e05956b5ebf340df6f9c394b5e4627be19fd7c5b7ab06570a78299aa0d4070e20d73f5108510171da1efbe7d0321d3320444e8a283e61b",
          "dct:format": "image/nifti",
          "nfo:fileName": "varcope1.nii.gz"
        },
        {
          "@id": "niiri:14c92da0-898b-4b70-bf68-2f1307ffee18",
          "@type": [
            "prov:Location",
            "prov:Entity",
            "nidm_Coordinate"
          ],
          "nidm_coordinateVector": "[-48.0, 0.0, 38.0]",
          "nidm_coordinateVectorInVoxels": "null",
          "xsd:label": "Coordinate 6_06"
        },
        {
          "@id": "niiri:471275d3-51da-44b0-881e-d11695b6daf2",
          "@type": [
            "prov:Entity",
            "nidm_Coordinate",
            "prov:Location"
          ],
          "nidm_coordinateVector": "[56.0, 6.0, 22.0]",
          "nidm_coordinateVectorInVoxels": "null",
          "xsd:label": "Coordinate 4_05"
        },
        {
          "@id": "niiri:7e989c39-7b45-420a-aa28-cf43c0b0f926",
          "@type": [
            "prov:SoftwareAgent",
            "prov:Agent",
            "scr_FSL"
          ],
          "fsl_featVersion": "6.00",
          "nidm_softwareVersion": "5.0.x",
          "xsd:label": "FSL"
        },
        {
          "@id": "niiri:35a89eb0-42a9-4d5e-a802-ca7e530ad356",
          "@type": [
            "prov:Entity",
            "nidm_Peak"
          ],
          "nidm_equivalentZStatistic": {
            "@type": "http://www.w3.org/2001/XMLSchema#float",
            "@value": "4.19"
          },
          "nidm_pValueUncorrected": {
            "@type": "http://www.w3.org/2001/XMLSchema#float",
            "@value": "1.3947722726892486e-05"
          },
          "prov:atLocation": {
            "@id": "niiri:4f1823ac-1aee-40a9-911e-d2cb74d52cf7"
          },
          "prov:wasDerivedFrom": {
            "@id": "niiri:cf042cea-58b4-40f4-a173-3adf78671c44"
          },
          "xsd:label": "Peak 6_03"
        },
        {
          "@id": "niiri:20156b2f-090e-4106-89da-5e35120022eb",
          "@type": [
            "prov:Location",
            "nidm_Coordinate",
            "prov:Entity"
          ],
          "nidm_coordinateVector": "[-41.9, 13.3, 8.11]",
          "nidm_coordinateVectorInVoxels": "null",
          "xsd:label": "Coordinate 0001"
        },
        {
          "@id": "niiri:d5a7a00e-176e-4778-bb36-61b5af7fc493",
          "@type": [
            "nidm_Coordinate",
            "prov:Location",
            "prov:Entity"
          ],
          "nidm_coordinateVector": "[-52.0, 14.0, 6.0]",
          "nidm_coordinateVectorInVoxels": "null",
          "xsd:label": "Coordinate 1_04"
        },
        {
          "@id": "niiri:17fdc366-dabc-4008-bf5c-9d82038db1ec",
          "@type": [
            "nidm_Coordinate",
            "prov:Entity",
            "prov:Location"
          ],
          "nidm_coordinateVector": "[51.8, 0.275, 48.9]",
          "nidm_coordinateVectorInVoxels": "null",
          "xsd:label": "Coordinate 0003"
        },
        {
          "@id": "niiri:4090b0db-832f-4cdd-a6c2-df5278cabd6a",
          "@type": [
            "prov:Entity",
            "nidm_Peak"
          ],
          "nidm_equivalentZStatistic": {
            "@type": "http://www.w3.org/2001/XMLSchema#float",
            "@value": "4.49"
          },
          "nidm_pValueUncorrected": {
            "@type": "http://www.w3.org/2001/XMLSchema#float",
            "@value": "3.5611586796102657e-06"
          },
          "prov:atLocation": {
            "@id": "niiri:1b4b2bcc-b789-447c-8302-d8739cb60b2f"
          },
          "prov:wasDerivedFrom": {
            "@id": "niiri:b3937431-f696-4810-bbbd-243ee7ff55a1"
          },
          "xsd:label": "Peak 3_02"
        },
        {
          "@id": "niiri:828f74d8-0665-43b3-9ea5-f547a2c06873",
          "@type": [
            "nidm_Coordinate",
            "prov:Location",
            "prov:Entity"
          ],
          "nidm_coordinateVector": "[-0.263, 7.29, 54.0]",
          "nidm_coordinateVectorInVoxels": "null",
          "xsd:label": "Coordinate 0007"
        },
        {
          "@id": "niiri:dcd97f22-16ea-432e-9261-ad91b4db567b",
          "@type": [
            "nidm_ResidualMeanSquaresMap",
            "prov:Entity"
          ],
          "crypto:sha512": "4bf02057742e8ec152e05956b5ebf340df6f9c394b5e4627be19fd7c5b7ab06570a78299aa0d4070e20d73f5108510171da1efbe7d0321d3320444e8a283e61b",
          "dct:format": "image/nifti",
          "nfo:fileName": "ResidualMeanSquares.nii.gz",
          "nidm_inCoordinateSpace": {
            "@id": "niiri:32b8fa44-a55c-41c9-9fb9-4cdad9667d59"
          },
          "prov:atLocation": {
            "@type": "http://www.w3.org/2001/XMLSchema#anyURI",
            "@value": "ResidualMeanSquares.nii.gz"
          },
          "prov:wasGeneratedBy": {
            "@id": "niiri:16a193cc-a66d-4d83-a162-53619ec9a6d9"
          },
          "xsd:label": "Residual Mean Squares Map"
        },
        {
          "@id": "niiri:9f40f40a-112b-43d7-9fa1-846c42e86171",
          "@type": [
            "prov:Location",
            "nidm_Coordinate",
            "prov:Entity"
          ],
          "nidm_coordinateVector": "[-55.0, -39.2, 14.0]",
          "nidm_coordinateVectorInVoxels": "null",
          "xsd:label": "Coordinate 0002"
        },
        {
          "@id": "niiri:4986b5a4-b0d6-4c5c-9469-92729655d905",
          "@type": [
            "nidm_ContrastStandardErrorMap",
            "prov:Entity"
          ],
          "crypto:sha512": "70bfd9a6466f039f3331d576ea56e6714ac6e4fd526b39b2efd8d3a7e9678aae5f625dbd589a1401308927503c31bbfb03f2ac17b21d05163e3ab846d9f043ba",
          "dct:format": "image/nifti",
          "nfo:fileName": "ContrastStandardError.nii.gz",
          "nidm_inCoordinateSpace": {
            "@id": "niiri:32b8fa44-a55c-41c9-9fb9-4cdad9667d59"
          },
          "prov:atLocation": {
            "@type": "http://www.w3.org/2001/XMLSchema#anyURI",
            "@value": "ContrastStandardError.nii.gz"
          },
          "prov:wasDerivedFrom": {
            "@id": "niiri:86b5d6a0-dcea-44af-a106-aa2bb89183f9"
          },
          "prov:wasGeneratedBy": {
            "@id": "niiri:4fbc1e82-bcc8-4fda-91c9-70d278d86b19"
          },
          "xsd:label": "Contrast Standard Error Map"
        },
        {
          "@id": "niiri:5567c3b6-0e34-4f73-91ae-284eb0febc61",
          "@type": [
            "prov:Agent",
            "obo_studygrouppopulation"
          ],
          "nidm_groupName": "Control",
          "nidm_numberOfSubjects": {
            "@type": "http://www.w3.org/2001/XMLSchema#int",
            "@value": "14"
          },
          "xsd:label": "Study group population: Control"
        },
        {
          "@id": "niiri:41623589-c6db-4c9b-a6d6-75ad7b82fe27",
          "@type": [
            "prov:Entity",
            "nidm_Peak"
          ],
          "nidm_equivalentZStatistic": {
            "@type": "http://www.w3.org/2001/XMLSchema#float",
            "@value": "5.24"
          },
          "nidm_pValueUncorrected": {
            "@type": "http://www.w3.org/2001/XMLSchema#float",
            "@value": "8.02882986761233e-08"
          },
          "prov:atLocation": {
            "@id": "niiri:3c885828-9796-48cf-b2fe-88f76ad710d0"
          },
          "prov:wasDerivedFrom": {
            "@id": "niiri:fcb125ef-4c89-4f34-82be-49a8f9ea382b"
          },
          "xsd:label": "Peak 7_02"
        },
        {
          "@id": "niiri:16a193cc-a66d-4d83-a162-53619ec9a6d9",
          "@type": [
            "prov:Activity",
            "nidm_ModelParameterEstimation"
          ],
          "nidm_withEstimationMethod": {
            "@id": "obo:STATO_0000370"
          },
          "prov:used": [
            {
              "@id": "niiri:d94e7f8e-5d36-45ea-8cb3-fb5bd8e2d46c"
            },
            {
              "@id": "niiri:f43178fe-8f13-4eca-8710-976ffaaa6de8"
            },
            {
              "@id": "niiri:0e98dbbe-3324-4404-8570-fe1e4aa3106a"
            }
          ],
          "prov:wasAssociatedWith": {
            "@id": "niiri:7e989c39-7b45-420a-aa28-cf43c0b0f926"
          },
          "xsd:label": "Model Parameters Estimation"
        },
        {
          "@id": "niiri:b3937431-f696-4810-bbbd-243ee7ff55a1",
          "@type": [
            "nidm_SupraThresholdCluster",
            "prov:Entity"
          ],
          "nidm_clusterLabelId": {
            "@type": "http://www.w3.org/2001/XMLSchema#int",
            "@value": "3"
          },
          "nidm_clusterSizeInVoxels": {
            "@type": "http://www.w3.org/2001/XMLSchema#int",
            "@value": "397"
          },
          "nidm_pValueFWER": {
            "@type": "http://www.w3.org/2001/XMLSchema#float",
            "@value": "0.000348"
          },
          "prov:wasDerivedFrom": {
            "@id": "niiri:ec58f872-16ee-4ef6-887d-98c176cb8597"
          },
          "xsd:label": "Supra-Threshold Cluster 0003"
        },
        {
          "@id": "niiri:48c8de12-43a0-465b-9834-9d34c8634567",
          "@type": [
            "nidm_Coordinate",
            "prov:Entity",
            "prov:Location"
          ],
          "nidm_coordinateVector": "[58.0, 14.0, 16.0]",
          "nidm_coordinateVectorInVoxels": "null",
          "xsd:label": "Coordinate 4_02"
        },
        {
          "@id": "niiri:72549e12-7e4a-4d1a-b184-6bc834a6c5f3",
          "@type": [
            "prov:Entity",
            "nidm_Peak"
          ],
          "nidm_equivalentZStatistic": {
            "@type": "http://www.w3.org/2001/XMLSchema#float",
            "@value": "4.76"
          },
          "nidm_pValueUncorrected": {
            "@type": "http://www.w3.org/2001/XMLSchema#float",
            "@value": "9.679647960947335e-07"
          },
          "prov:atLocation": {
            "@id": "niiri:e76a474c-267a-41db-858e-3378144ce0ff"
          },
          "prov:wasDerivedFrom": {
            "@id": "niiri:fcb125ef-4c89-4f34-82be-49a8f9ea382b"
          },
          "xsd:label": "Peak 7_03"
        },
        {
          "@id": "niiri:8bf45685-4efe-4190-bcf6-a4d428460cdd",
          "@type": [
            "prov:Entity",
            "obo_FWERadjustedpvalue",
            "nidm_ExtentThreshold"
          ],
          "prov:value": 0.05,
          "xsd:label": "Extent Threshold: p<0.05 (FWE)"
        },
        {
          "@id": "niiri:a761da03-ba56-4878-80a5-0ce1a67b0dcd",
          "@type": [
            "prov:Location",
            "prov:Entity",
            "nidm_Coordinate"
          ],
          "nidm_coordinateVector": "[46.0, 0.0, 46.0]",
          "nidm_coordinateVectorInVoxels": "null",
          "xsd:label": "Coordinate 3_05"
        }
      ],
      "@id": "niiri:c434ff31-3379-4f7a-8b26-525d75ad1815"
    }
  ]
}